GROUP,PACKAGE,CLASS,INSTRUCTION_MISSED,INSTRUCTION_COVERED,BRANCH_MISSED,BRANCH_COVERED,LINE_MISSED,LINE_COVERED,COMPLEXITY_MISSED,COMPLEXITY_COVERED,METHOD_MISSED,METHOD_COVERED
avenirs-portfolio-back-office,fr.avenirsesr.portfolio.backoffice.institution.infrastructure.adapter.repository,InstitutionConfigDatabaseRepository,0,25,0,2,0,8,0,3,0,2
avenirs-portfolio-back-office,fr.avenirsesr.portfolio.backoffice.institution.infrastructure.adapter.repository,InstitutionDatabaseRepository,16,21,0,0,5,4,2,2,2,2
avenirs-portfolio-back-office,fr.avenirsesr.portfolio.backoffice.externaluser.infrastructure.adapter.openapi,SwaggerSchema,43,0,0,0,12,0,1,0,1,0
avenirs-portfolio-back-office,fr.avenirsesr.portfolio.backoffice.externaluser.infrastructure.adapter.openapi,OpenApiUserEnumConfiguration,13,5,0,0,6,2,1,2,1,2
avenirs-portfolio-back-office,fr.avenirsesr.portfolio.common.web.infrastructure.context,RequestContext,7,12,0,0,2,5,2,3,2,3
avenirs-portfolio-back-office,fr.avenirsesr.portfolio.common.web.infrastructure.context,RequestContextInterceptor,10,3,0,0,6,1,3,1,3,1
avenirs-portfolio-back-office,fr.avenirsesr.portfolio.common.web.infrastructure.context,RequestContextFilter,48,65,4,2,13,23,4,3,1,3
avenirs-portfolio-back-office,fr.avenirsesr.portfolio.common.web.infrastructure.context,RequestData,0,9,0,0,0,1,0,1,0,1
avenirs-portfolio-back-office,fr.avenirsesr.portfolio.common.language.infrastructure.adapter.filter,LanguageFilterAspect,10,0,0,0,3,0,1,0,1,0
avenirs-portfolio-back-office,fr.avenirsesr.portfolio.common.language.infrastructure.adapter.filter,LanguageFilterSupplier,11,3,2,0,4,1,2,1,1,1
avenirs-portfolio-back-office,fr.avenirsesr.portfolio.common.utils,FileReader,53,17,1,1,13,3,3,1,2,1
avenirs-portfolio-back-office,fr.avenirsesr.portfolio.common.utils,RedirectUtils,38,0,12,0,10,0,10,0,4,0
avenirs-portfolio-back-office,fr.avenirsesr.portfolio.backoffice.group.infrastructure.adapter.service,GroupServiceConfig,0,11,0,0,0,1,0,1,0,1
avenirs-portfolio-back-office,fr.avenirsesr.portfolio.backoffice.group.infrastructure.adapter.service,TransactionalGroupService,12,52,0,0,1,9,1,8,1,8
avenirs-portfolio-back-office,fr.avenirsesr.portfolio.backoffice.institution.application.adapter,InstitutionConfigMapper,0,8,0,0,0,2,0,1,0,1
avenirs-portfolio-back-office,fr.avenirsesr.portfolio.backoffice.group.infrastructure.adapter.specification,GroupSpecification,3,74,0,10,1,19,1,15,1,10
avenirs-portfolio-back-office,fr.avenirsesr.portfolio.backoffice.group.infrastructure.adapter.openapi,SwaggerSchema,15,0,0,0,4,0,1,0,1,0
avenirs-portfolio-back-office,fr.avenirsesr.portfolio.backoffice.group.infrastructure.adapter.openapi,OpenApiGroupEnumConfiguration,7,5,0,0,1,2,1,2,1,2
avenirs-portfolio-back-office,fr.avenirsesr.portfolio.backoffice.shared.infrastructure.adapter.repository,ConfigurationDatabaseRepository,0,37,0,0,0,9,0,5,0,5
avenirs-portfolio-back-office,fr.avenirsesr.portfolio.common.user.domain.exceptions,ExternalUserNotFoundException,13,0,0,0,6,0,3,0,3,0
avenirs-portfolio-back-office,fr.avenirsesr.portfolio.backoffice.shared.infrastructure.adapter.specification,ConfigurationSpecification,3,10,0,0,1,1,1,2,1,2
avenirs-portfolio-back-office,fr.avenirsesr.portfolio.backoffice.externaluser.application.adapter.controller,ExternalUserController,194,4,12,0,48,1,15,1,9,1
avenirs-portfolio-back-office,fr.avenirsesr.portfolio.common.language.infrastructure.adapter.utils,TranslationUtil,113,0,4,0,28,0,12,0,10,0
avenirs-portfolio-back-office,fr.avenirsesr.portfolio.backoffice.institution.domain.service,InstitutionServiceImpl.UpsertResult,0,9,0,0,0,1,0,1,0,1
avenirs-portfolio-back-office,fr.avenirsesr.portfolio.backoffice.institution.domain.service,InstitutionServiceImpl,0,319,0,18,0,74,0,25,0,16
avenirs-portfolio-back-office,fr.avenirsesr.portfolio.backoffice.institution.domain.service,InstitutionConfigServiceImpl,0,26,0,2,0,7,0,4,0,3
avenirs-portfolio-back-office,fr.avenirsesr.portfolio.backoffice.externaluser.infrastructure.adapter.specification,ExternalUserSpecification,103,0,4,0,21,0,7,0,5,0
avenirs-portfolio-back-office,fr.avenirsesr.portfolio.backoffice.group.domain.service,GroupServiceImpl.UpsertResult,0,9,0,0,0,1,0,1,0,1
avenirs-portfolio-back-office,fr.avenirsesr.portfolio.backoffice.group.domain.service,GroupServiceImpl,0,448,1,30,0,111,1,34,0,19
avenirs-portfolio-back-office,fr.avenirsesr.portfolio.backoffice.trace.infrastructure.service,TraceConfigurationServiceConfig,0,16,0,0,0,5,0,3,0,3
avenirs-portfolio-back-office,fr.avenirsesr.portfolio.common.security.infrastructure.filter,ApiKeyAuthenticationFilter,56,143,16,14,10,38,13,9,0,7
avenirs-portfolio-back-office,fr.avenirsesr.portfolio.common.security.infrastructure.filter,HmacAuthenticationFilter,258,0,24,0,62,0,19,0,7,0
avenirs-portfolio-back-office,fr.avenirsesr.portfolio.common.security.infrastructure.filter,DisabledAuthenticationFilter,65,0,8,0,15,0,9,0,5,0
avenirs-portfolio-back-office,fr.avenirsesr.portfolio.common.security.infrastructure.filter,DevAuthenticationFilter,98,0,12,0,22,0,11,0,5,0
avenirs-portfolio-back-office,fr.avenirsesr.portfolio.common.data.infrastructure.adapter.specification,DateFilterSpecificationBuilder,50,0,6,0,8,0,9,0,6,0
avenirs-portfolio-back-office,fr.avenirsesr.portfolio.common.data.infrastructure.adapter.specification,FilterSpecificationBuilder,39,0,6,0,8,0,5,0,2,0
avenirs-portfolio-back-office,fr.avenirsesr.portfolio.backoffice.additionalskill.domain.service,AdditionalSkillConfigurationServiceImpl,58,210,7,15,10,52,8,19,4,8
avenirs-portfolio-back-office,fr.avenirsesr.portfolio.common.user.infrastructure.service,NoOpUserService,2,5,0,0,1,2,1,2,1,2
avenirs-portfolio-back-office,fr.avenirsesr.portfolio.common.data.infrastructure.adapter.repository,GenericJpaRepositoryAdapter,628,105,32,4,108,18,36,8,19,7
avenirs-portfolio-back-office,fr.avenirsesr.portfolio.common.data.infrastructure.adapter.repository,GenericTranslatableJpaRepositoryAdapter,69,0,2,0,13,0,3,0,2,0
avenirs-portfolio-back-office,fr.avenirsesr.portfolio.backoffice.group.infrastructure.adapter.repository,GroupDatabaseRepository,5,41,0,0,1,11,1,3,1,3
avenirs-portfolio-back-office,fr.avenirsesr.portfolio.backoffice.shared.application.adapter.controller,SeederController,43,4,8,0,13,1,6,1,2,1
avenirs-portfolio-back-office,fr.avenirsesr.portfolio.backoffice.trace.domain.service,TraceConfigurationServiceImpl,1,160,1,7,0,51,1,12,0,9
avenirs-portfolio-back-office,fr.avenirsesr.portfolio.common.data.domain,FetchGraph,97,0,6,0,23,0,10,0,7,0
avenirs-portfolio-back-office,fr.avenirsesr.portfolio.common.data.infrastructure.adapter,EntityGrapher,259,0,19,0,55,0,21,0,10,0
avenirs-portfolio-back-office,fr.avenirsesr.portfolio.backoffice.institution.application.adapter.controller,InstitutionConfigController,0,16,0,0,0,4,0,2,0,2
avenirs-portfolio-back-office,fr.avenirsesr.portfolio.backoffice.institution.application.adapter.controller,InstitutionController,0,34,0,0,0,11,0,3,0,3
avenirs-portfolio-back-office,fr.avenirsesr.portfolio.backoffice.institution.application.adapter.controller,InstitutionAdminController,46,114,8,8,11,26,8,7,1,6
avenirs-portfolio-back-office,fr.avenirsesr.portfolio.backoffice.externaluser.infrastructure.adapter.repository,ExternalUserDatabaseRepository,16,22,0,0,5,5,2,2,2,2
avenirs-portfolio-back-office,fr.avenirsesr.portfolio.common.openapi.infrastructure.adapter,BaseOpenApiConfiguration,22,0,0,0,9,0,2,0,2,0
avenirs-portfolio-back-office,fr.avenirsesr.portfolio.common.openapi.infrastructure.adapter,BaseSwaggerSchema,91,0,0,0,25,0,3,0,3,0
avenirs-portfolio-back-office,fr.avenirsesr.portfolio.backoffice.externaluser.affiliation.infrastructure.adapter.service,ExternalUserAffiliationServiceConfig,0,15,0,0,0,1,0,1,0,1
avenirs-portfolio-back-office,fr.avenirsesr.portfolio.backoffice.externaluser.affiliation.infrastructure.adapter.service,TransactionalExternalUserAffiliationService,16,7,0,0,4,1,3,1,3,1
avenirs-portfolio-back-office,fr.avenirsesr.portfolio.backoffice.institution.infrastructure.adapter.service,InstitutionConfigServiceConfig,0,6,0,0,0,1,0,1,0,1
avenirs-portfolio-back-office,fr.avenirsesr.portfolio.backoffice.institution.infrastructure.adapter.service,InstitutionServiceConfig,0,9,0,0,0,1,0,1,0,1
avenirs-portfolio-back-office,fr.avenirsesr.portfolio.backoffice.institution.infrastructure.adapter.service,TransactionalInstitutionService,16,36,0,0,2,7,2,6,2,6
avenirs-portfolio-back-office,fr.avenirsesr.portfolio.backoffice.additionalskill.application.controller,AdditionalSkillConfigController,57,4,0,0,18,1,5,1,5,1
avenirs-portfolio-back-office,fr.avenirsesr.portfolio.backoffice.externaluser.affiliation.domain.service,ExternalUserAffiliationServiceImpl.UpsertResult,0,9,0,0,0,1,0,1,0,1
avenirs-portfolio-back-office,fr.avenirsesr.portfolio.backoffice.externaluser.affiliation.domain.service,ExternalUserAffiliationServiceImpl,167,77,6,4,38,20,9,6,6,4
avenirs-portfolio-back-office,fr.avenirsesr.portfolio.common.testutils.infrastructure.adapter.util,TestResourceUtils,26,0,2,0,5,0,3,0,2,0
avenirs-portfolio-back-office,fr.avenirsesr.portfolio.backoffice.externaluser.affiliation.infrastructure.adapter.specification,ExternalUserAffiliationSpecification,3,44,0,2,1,8,1,7,1,6
avenirs-portfolio-back-office,fr.avenirsesr.portfolio.backoffice.externaluser.affiliation.infrastructure.adapter.repository,ExternalUserAffiliationDatabaseRepository,5,23,0,0,1,7,1,2,1,2
avenirs-portfolio-back-office,fr.avenirsesr.portfolio.common.testutils,BddLogger,0,22,0,0,0,10,0,5,0,5
avenirs-portfolio-back-office,fr.avenirsesr.portfolio.backoffice.group.application.adapter.controller,GroupAdminController,33,130,7,9,9,28,7,8,1,6
avenirs-portfolio-back-office,fr.avenirsesr.portfolio.backoffice.group.application.adapter.controller,GroupController,0,45,0,0,0,11,0,4,0,4
avenirs-portfolio-back-office,fr.avenirsesr.portfolio.backoffice.websitecontent.application.controller,WebsiteContentController,66,4,0,0,19,1,5,1,5,1
avenirs-portfolio-back-office,fr.avenirsesr.portfolio.backoffice.shared.infrastructure.adapter.service,ConfigurationTranslationServiceImpl,1,142,1,1,0,44,1,12,0,12
avenirs-portfolio-back-office,fr.avenirsesr.portfolio.backoffice.externaluser.domain.service,ExternalUserServiceImpl,224,40,10,2,69,8,12,6,7,5
avenirs-portfolio-back-office,fr.avenirsesr.portfolio.backoffice.externaluser.domain.service,ExternalUserServiceImpl.UpsertResult,9,0,0,0,1,0,1,0,1,0
avenirs-portfolio-back-office,fr.avenirsesr.portfolio.backoffice.websitecontent.domain.service,WebsiteContentConfigurationServiceImpl,44,129,5,7,11,37,9,11,5,9
avenirs-portfolio-back-office,fr.avenirsesr.portfolio.common.validation.infrastructure.adapter.utils,ValidationUtils,14,0,4,0,4,0,4,0,2,0
avenirs-portfolio-back-office,fr.avenirsesr.portfolio.backoffice.institution.infrastructure.adapter.openapi,SwaggerSchema,15,0,0,0,4,0,1,0,1,0
avenirs-portfolio-back-office,fr.avenirsesr.portfolio.backoffice.institution.infrastructure.adapter.openapi,OpenApiInstitutionEnumConfiguration,7,5,0,0,1,2,1,2,1,2
avenirs-portfolio-back-office,fr.avenirsesr.portfolio.backoffice.additionalskill.infrastructure.service,AdditionalSkillConfigurationServiceConfig,0,21,0,0,0,6,0,3,0,3
avenirs-portfolio-back-office,fr.avenirsesr.portfolio.common.dependency.domain.service,DependencyCheckerImpl,293,0,20,0,63,0,16,0,6,0
avenirs-portfolio-back-office,fr.avenirsesr.portfolio.backoffice.externaluser.infrastructure.adapter.service,ExternalUserServiceConfig,0,9,0,0,0,1,0,1,0,1
avenirs-portfolio-back-office,fr.avenirsesr.portfolio.backoffice.externaluser.infrastructure.adapter.service,TransactionalExternalUserService,48,12,0,0,9,1,8,1,8,1
avenirs-portfolio-back-office,fr.avenirsesr.portfolio.backoffice.websitecontent.infrastructure.service,WebsiteContentConfigurationServiceConfig,0,17,0,0,0,5,0,2,0,2
avenirs-portfolio-back-office,fr.avenirsesr.portfolio,BackOfficeApplication,5,3,0,0,2,1,1,1,1,1
avenirs-portfolio-back-office,fr.avenirsesr.portfolio.backoffice.institution.infrastructure.adapter.specification,InstitutionSpecification,33,0,4,0,8,0,7,0,5,0
avenirs-portfolio-back-office,fr.avenirsesr.portfolio.backoffice.externaluser.affiliation.application.adapter.controller,ExternalUserAffiliationImportController,69,4,8,0,16,1,6,1,2,1
avenirs-portfolio-back-office,fr.avenirsesr.portfolio.backoffice.externaluser.affiliation.application.adapter.controller,ExternalUserAffiliationController,63,4,0,0,17,1,3,1,3,1
avenirs-portfolio-back-office,fr.avenirsesr.portfolio.backoffice.trace.application.controller,TraceConfigurationController,31,4,0,0,9,1,2,1,2,1
avenirs-portfolio-back-office,fr.avenirsesr.portfolio.common.validation.domain.utils,FieldValidationUtils,143,0,34,0,41,0,24,0,7,0
